Entity;Relation;Domain;Range;Value
stanley_cup;awardtrophytournamentisthechampionshipgameofthenationalsport;sport;sport;hockey
televisionshows;televisionshowssuchastelevisionshows;televisionshow;televisionshow;money
aeneid;bookwriter;book;writer;vergil
aeneid;bookwriter;book;writer;vergil
judo;sportfansincountry;sport;country;japan
joe002;persongraduatedfromuniversity;person;university;college
dogs;animaldevelopdisease;mammal;disease;arthritis
dogs;animaldevelopdisease;mammal;disease;cataract
dogs;animaldevelopdisease;mammal;disease;cardiomyopathy
boundary_peak;mountaininstate;mountain;stateorprovince;nevada
n5_18;timeofearthquake;earthquakeevent;earthquakeevent;big_earthquake_shakes_tokyo__17_injured
n5_18;timeofearthquake;time;earthquakeevent;big_earthquake_shakes_tokyo__17_injured
j__k__rowling;agentcontributedtocreativework;book;book;harry_potter_and_the_chamber_of_secrets
a_brief_history_of_time;bookwriter;book;scientist;stephen_hawking
dortmund;citylocatedincountry;city;country;germany
n12_24;timeofearthquake;time;earthquakeevent;n4_5_magnitude_quake_rattles_sonoma_county
microsoft;producesproduct;company;product;microsoft_exchange
winona;citylocatedinstate;city;stateorprovince;minnesota
trees;plantincludeplant;plant;plant;almond
catfish;fishservedwithfood;fish;bakedgood;sauce
catfish;fishservedwithfood;fish;beverage;sauce
catfish;fishservedwithfood;fish;condiment;sauce
amazonas;statehascapital;city;city;manaus
humans;animaldevelopdisease;disease;disease;acne
states;stateorprovinceisborderedbystateorprovince;stateorprovince;stateorprovince;new_york
suva;citycapitalofcountry;city;country;fiji
n2003_alcs;sportsgamesport;sportsgame;sport;baseball
higgins_lake;lakeinstate;lake;stateorprovince;michigan
football;sportschoolincountry;sport;country;peru
english;languageofcountry;language;country;tanzania
birds;animaleatvegetable;animal;vegetable;corn
water;thinghascolor;visualizablething;color;emerald
dark;colorassociatedwithvisualizableattribute;color;weatherphenomenon;fog
dark;colorassociatedwithvisualizableattribute;color;weatherphenomenon;fog
weeds;plantincludeplant;plant;plant;nettles
engineering;academicprogramatuniversity;academicfield;university;stanford
greece;countrycurrency;country;currency;euros
n2_46_pm;timeofearthquake;earthquakeevent;earthquakeevent;n2011_t_hoku_earthquake_and_tsunami
belgium;countryalsoknownas;country;country;republic
count_of_monte_cristo;bookwriter;book;writer;alexandre_dumas
hamburg;cityliesonriver;city;river;elbe
action_games;videogamessuchasvideogames;videogame;videogame;assassin_s_creed_2
action_games;videogamessuchasvideogames;videogame;videogame;assassin_s_creed_2
malaga;citylocatedingeopoliticallocation;city;geopoliticallocation;spain
championships;awardtrophytournamentisthechampionshipgameofthenationalsport;sport;sport;golf
medication;drugexpectedreleasedate;drug;date;n1996
action_movies;moviessuchasmovies;movie;movie;die_hard
action_movies;moviessuchasmovies;movie;movie;die_hard
mice;animaldevelopdisease;disease;disease;diabetes
nier;haswikipediaurl;videogame;http;//en.wikipedia.org/wiki/Nier%20(video%20game)
science;academicfieldsuchasacademicfield;academicfield;academicfield;anthropology
pine;plantincludeplant;plant;plant;tress
trees;plantincludeplant;plant;plant;mature_oaks
a_world_of_love;bookwriter;writer;writer;elizabeth_bowen
the_death_of_the_heart;bookwriter;writer;writer;elizabeth_bowen
the_heat_of_the_day;bookwriter;writer;writer;elizabeth_bowen
the_house_in_paris;bookwriter;writer;writer;elizabeth_bowen
baseball;sportusesstadium;sport;stadiumoreventvenue;fenway
abensberg;haswikipediaurl;city;http;//en.wikipedia.org/wiki/Abensberg
engineering;academicprogramatuniversity;university;university;uc_berkeley
artificial_intelligence;mlareaexpert;mlarea;mlauthor;stuart_russell
marrakesh;citycapitalofcountry;city;country;morocco
marrakesh;citycapitalofcountry;city;country;morocco
n2012_super_bowl;teamplaysinleague;sportsteam;sportsleague;nfl
pigs;animaleatvegetable;agriculturalproduct;vegetable;corn
pigs;animaleatvegetable;agriculturalproduct;vegetable;corn
pigs;animaleatvegetable;agriculturalproduct;vegetable;corn
pigs;animalistypeofanimal;agriculturalproduct;mammal;animals
pigs;animalistypeofanimal;agriculturalproduct;mammal;animals
pigs;animalistypeofanimal;agriculturalproduct;mammal;animals
germany;teamplayssport;sportsteam;sport;golf
west_bengal;statehascapital;city;city;calcutta
flowers;plantrepresentemotion;emotion;emotion;love
muktinath;placeofworshippracticesreligion;religion;religion;hinduism
muktinath;placeofworshippracticesreligion;religion;religion;hinduism
biology;academicfieldconcernssubject;mlarea;mlarea;bioinformatics
cats;animaldevelopdisease;disease;disease;breast_cancer
already_dead;bookwriter;book;writer;charlie_huston
abakan;citylocatedingeopoliticallocation;city;country;russia
algiers;citycapitalofcountry;country;country;algeria
algiers;citylocatedincountry;country;country;algeria
football;sportusesequipment;sportsequipment;sportsequipment;football
taipei;citylocatedincountry;country;country;taiwan
pulmonary_consolidation;haswikipediaurl;disease;http;//en.wikipedia.org/wiki/Pulmonary%20consolidation
depression;emotionassociatedwithdisease;disease;disease;symptom
barcelona_international_airport;airportincity;transportation;city;barcelona
zen_and_the_art_of_motorcycle_maintenance;bookwriter;book;writer;robert_pirsig
microsoft;companyeconomicsector;economicsector;economicsector;computer_software
damascus;citycapitalofcountry;city;country;syria
honeybees;animaleatfood;animal;food;nectar
athletic_conference;sportsgamescore;sportsgame;gamescore;02-Apr
nba_championship;awardtrophytournamentisthechampionshipgameofthenationalsport;sport;sport;basketball
nba_finals;awardtrophytournamentisthechampionshipgameofthenationalsport;sport;sport;basketball
titles;awardtrophytournamentisthechampionshipgameofthenationalsport;sport;sport;basketball
championships;awardtrophytournamentisthechampionshipgameofthenationalsport;sport;sport;basketball
spider;arthropodcalledarthropod;arachnid;arachnid;black_widow_spider
eurostar;attractionofcity;attraction;city;paris
n1955_world_series;sportsgamesport;sportsgame;sport;baseball
pakistan;countrycurrency;currency;currency;rupees
georg_gottlob;haswikipediaurl;mlauthor;http;//en.wikipedia.org/wiki/Georg%20Gottlob
mumbai;cityalsoknownas;city;city;bombay
donald_trump;worksfor;personus;company;trump_organization
call_of_duty_3;haswikipediaurl;videogame;http;//en.wikipedia.org/wiki/Call%20of%20Duty%203
mass_effect_2;haswikipediaurl;videogame;http;//en.wikipedia.org/wiki/Mass%20Effect%202
super_mario_galaxy_2;haswikipediaurl;videogame;http;//en.wikipedia.org/wiki/Super%20Mario%20Galaxy%202
silent_hill_2;haswikipediaurl;videogame;http;//en.wikipedia.org/wiki/Silent%20Hill%202
leonardo_dicaprio;hasspouse;person;athlete;bar_refaeli
leonardo_dicaprio;hasspouse;person;athlete;bar_refaeli
english;languageofuniversity;language;university;new_york_university
beijing;cityalsoknownas;city;city;peking
beijing;cityalsoknownas;city;city;peking
games;sportsgameteam;sportsgame;sportsteam;cleveland_indians
buffalo_sabres;teamplaysincity;sportsteam;city;buffalo
all_star_game;sportsgamedate;sportsgame;dateliteral;n2006
scorpions;arthropodandotherarthropod;arthropod;arthropod;arachnids
world_war_ii;eventdate;event;dateliteral;december_1941
noam_chomsky;personinacademicfield;academicfield;academicfield;linguistics
rts_games;videogamessuchasvideogames;videogame;videogame;age_of_empires_2
rts_games;videogamessuchasvideogames;videogame;videogame;age_of_empires_2
fps_games;videogamessuchasvideogames;videogame;videogame;bioshock_2
lazaretto;musicsongisatrackofmusicalbum;musicalbum;musicalbum;lazaretto
aalborg;citylocatedincountry;city;country;denmark
n15981;numberofcasualtiesinearthquake;earthquakeevent;earthquakeevent;n2011_t_hoku_earthquake_and_tsunami
n1;numberofcasualtiesinroadaccident;roadaccidentevent;roadaccidentevent;chappaquiddick_incident
alternative;musicgenressuchasmusicgenres;musicgenre;musicgenre;rock
alternative_rock;musicgenressuchasmusicgenres;musicgenre;musicgenre;rock
merlefest;haswikipediaurl;musicfestival;http;//en.wikipedia.org/wiki/MerleFest
agape_music_festival;haswikipediaurl;musicfestival;http;//en.wikipedia.org/wiki/Agape%20Music%20Festival
green_tea;beveragemadefrombeverage;beverage;beverage;white_tea
guns;weaponmadeincountry;weapon;country;japan
abbey_road_on_the_river;haswikipediaurl;musicfestival;http;//en.wikipedia.org/wiki/Abbey%20Road%20on%20the%20River
abbey_road_on_the_river;haswikipediaurl;musicfestival;http;//en.wikipedia.org/wiki/Abbey%20Road%20on%20the%20River
abbey_road_on_the_river;haswikipediaurl;musicfestival;http;//en.wikipedia.org/wiki/Abbey%20Road%20on%20the%20River
abbey_road_on_the_river;haswikipediaurl;musicfestival;http;//en.wikipedia.org/wiki/Abbey%20Road%20on%20the%20River
musicfestivals;musicfestivalssuchasmusicfestivals;musicfestival;musicfestival;abbey_road_on_the_river
musicfestivals;musicfestivalssuchasmusicfestivals;musicfestival;musicfestival;abbey_road_on_the_river
musicfestivals;musicfestivalssuchasmusicfestivals;musicfestival;musicfestival;abbey_road_on_the_river
samsung_galaxy_gear;productlauchcompetingcompany;productlaunchevent;company;apple
samsung_galaxy_s5;productlauchcompetingcompany;productlaunchevent;company;apple
button_down_shirt;clothingtogowithclothing;clothing;clothing;jeans
button_down_shirt;clothingtogowithclothing;clothing;clothing;pants
accountant;jobpositionusesacademicfield;jobposition;academicfield;economics
accountant;jobpositionusesacademicfield;jobposition;academicfield;economics
accountant;jobpositionusesacademicfield;jobposition;academicfield;economics
toothpaste;itemfoundinroom;personalcareitem;officebuildingroom;bathroom
water;beveragemadefrombeverage;beverage;beverage;juices
water;beveragemadefrombeverage;beverage;beverage;juices
varieties;agriculturalproductgrowinginstateorprovince;agriculturalproduct;stateorprovince;california
ingredients;beveragemadefrombeverage;beverage;beverage;juice
doors;buildingfeaturemadefrombuildingmaterial;buildingmaterial;buildingmaterial;pvc
window;buildingfeaturemadefrombuildingmaterial;buildingfeature;buildingmaterial;iron
planned_parenthood;politicsgroupconcernsissue;politicsissue;politicsissue;abortion
programmer;jobpositionusesacademicfield;jobposition;academicfield;computer_science
bush;personhasjobposition;politicaloffice;politicaloffice;president
battle_of_austerlitz;haswikipediaurl;militaryconflict;http;//en.wikipedia.org/wiki/Battle%20of%20Austerlitz
christian_organizations;religionssuchasreligions;religion;religion;advent_presbyterian_church
wild_animals;animalistypeofanimal;mammal;mammal;pets
n1966_world_series;sportsgamesport;sportsgame;sport;baseball
pain;emotionassociatedwithdisease;emotion;disease;health_problems
san_francisco_49ers;teamplayssport;sportsteam;sport;football
j_k__rowling;agentcontributedtocreativework;agent;creativework;harry_potter
pigs;animaleatfood;agriculturalproduct;food;tubers
pigs;animaleatfood;agriculturalproduct;food;tubers
hockey;sportusesstadium;sport;stadiumoreventvenue;nassau_coliseum
hockey;sportusesstadium;sport;stadiumoreventvenue;united_center
hockey;sportusesstadium;sport;stadiumoreventvenue;united_center
economics;academicfieldusedbyeconomicsector;economicsector;economicsector;consumer_banking
morganstanley;companyeconomicsector;economicsector;economicsector;financial_services
chinese_language;languageschoolincity;language;city;beijing
san_juan;citycapitalofcountry;city;country;puerto_rico
kpbs;organizationheadquarteredincity;organization;city;san_diego
action_games;videogamessuchasvideogames;videogame;videogame;dynasty_warriors_6
breastmilk;beveragecontainsprotein;protein;protein;antibodies
breast_milk;beveragecontainsprotein;protein;protein;antibodies
milk;beveragecontainsprotein;protein;protein;antibodies
adventure_games;videogamessuchasvideogames;videogame;videogame;duck_tales_2
belair_road;streetincity;street;city;augusta
war_and_peace;bookwriter;book;writer;leo_tolstoy
tn;statehascapital;stateorprovince;city;nashville
championships;awardtrophytournamentisthechampionshipgameofthenationalsport;sport;sport;soccer
n1981_world_series;sportsgamesport;sportsgame;sport;baseball
n1981_world_series;sportsgamesport;sportsgame;sport;baseball
j_k__rowling;agentcontributedtocreativework;agent;creativework;harry_potter
bermuda;countrycurrency;country;currency;dollars
england;countrylocatedingeopoliticallocation;country;geopoliticallocation;cities
serotonin;chemicalistypeofchemical;chemical;chemical;amines
serotonin;chemicalistypeofchemical;chemical;chemical;monoamines
serotonin;chemicalistypeofchemical;chemical;chemical;monoamine_neurotransmitters
serotonin;chemicalistypeofchemical;chemical;chemical;neurotransmitter
french;languageofcountry;language;country;vietnam
masked_frog;haswikipediaurl;amphibian;http;//en.wikipedia.org/wiki/Masked%20Frog
mother;parentofperson;person;person;child
amberg;citylocatedincountry;city;country;germany
uae;countrycurrency;currency;currency;dirham
hewlett_packard;organizationalsoknownas;organization;organization;hp
flowers;agriculturalproductcamefromcountry;agriculturalproduct;country;denmark
andhra_pradesh;statehascapital;city;city;hyderabad
andhra_pradesh;statehascapital;stateorprovince;city;hyderabad
armadillo;mammaleatsinsect;mammal;insect;termite
armadillo;mammaleatsinsect;mammal;insect;ant
n6_30_a_m_;timeofroadaccident;roadaccidentevent;roadaccidentevent;bus_crashes_into_idaho_power_building_in_downtown_boise
bush;personwrittenaboutinpublication;person;publication;associated_press
call_of_duty__world_at_war__final_fronts;haswikipediaurl;videogame;http;//en.wikipedia.org/wiki/Call%20of%20Duty%3A%20World%20at%20War%20Final%20Fronts
super_bowl;awardtrophytournamentisthechampionshipgameofthenationalsport;awardtrophytournament;sport;football
hockey;sportusesstadium;sport;stadiumoreventvenue;wachovia_center
rugby;sportfansincountry;sport;country;england
rugby;sportfansincountry;sport;country;england
baseball;sportusesstadium;sport;stadiumoreventvenue;pnc_park
nebraska;statehascapital;stateorprovince;city;lincoln
nebraska;statehascapital;stateorprovince;city;lincoln
rugby;sportfansincountry;sport;country;britain
tunis;citylocatedincountry;country;country;tunisia
elizabeth;personhascitizenship;person;country;britain
brazil;teamplayssport;sportsteam;sport;golf
zimbabwe;countrycurrency;country;currency;dollars
marbella;citylocatedincountry;city;country;spain
glovers_lake;lakeinstate;lake;stateorprovince;michigan
moscow;citycapitalofcountry;city;country;russia
spruce_knob;mountaininstate;mountain;stateorprovince;west_virginia
english;languageofcountry;language;country;britain
jags;teamplayssport;sportsteam;sport;football
ciprofloxacin;drugworkedonbyagent;drug;humanagent;bayer
carnegie_museum_of_art;museumincity;museum;city;pittsburgh
forum;attractionbefallincity;attraction;city;victoria
d_day_landings;eventdate;event;dateliteral;june_1944
n7;numberofcasualtiesinroadaccident;nonneginteger;roadaccidentevent;n1995_fox_river_grove_bus_train_collision
enmore_theatre;stadiumlocatedincity;stadiumoreventvenue;city;sydney
imatinib;drugworkedonbyagent;drug;humanagent;novartis
jamaica;countrycurrency;country;currency;dollars
bc;statehascapital;stateorprovince;city;victoria
temple_street;streetincity;street;city;new_haven
english_language;languageofcountry;language;country;australia
montana;statehascapital;stateorprovince;city;helena
saskatchewan;statehascapital;stateorprovince;city;regina
launch_of_galaxy_s5;launchingproductcompany;productlaunchevent;company;samsung
english_language;languageschoolincity;language;city;san_francisco
golf;sportschoolincountry;sport;country;england
animal_farm;bookwriter;book;writer;george_orwell
france;teamplayssport;sportsteam;sport;golf
bitcoin;haswikipediaurl;currency;http;//en.wikipedia.org/wiki/Bitcoin
aello_peak;haswikipediaurl;mountain;http;//en.wikipedia.org/wiki/Aello%20Peak
carvedilol;drughassideeffect;drug;physiologicalcondition;side_effects
the_giver;bookwriter;book;writer;lois_lowry
insectivores;animalthatfeedoninsect;animal;insect;insects
national_gallery;attractionofcity;museum;city;london
corn;grainusedtomakecandy;grain;candy;candy_corn
brakes;reasonofcollision;roadaccidentevent;roadaccidentevent;dubai_bus_crash_kills_15_asian_workers
corned_beef;agriculturalproductcookedwithagriculturalproduct;agriculturalproduct;vegetable;cabbage
broccoli;agriculturalproductcookedwithagriculturalproduct;agriculturalproduct;vegetable;pepper
ham;meatcomesfromanimal;meat;animal;pig
cookie;bakedgoodservedwithbeverage;bakedgood;beverage;cream
cookie;bakedgoodservedwithbeverage;bakedgood;beverage;milk
cookie;bakedgoodservedwithbeverage;bakedgood;beverage;tea
colgate;productinstanceof;personalcareitem;personalcareitem;toothpaste
blinds;buildingfeaturemadefrombuildingmaterial;buildingmaterial;buildingmaterial;pvc
tire;thinghascolor;color;color;black
corn;grainusedtomakecandy;candy;candy;caramel_popcorn
she;marriedinyear;person;year;n1921
blue_jeans;clothingtogowithclothing;clothing;clothing;button_down_shirt
andrew_johnson;politicianusholdsoffice;politicianus;politicaloffice;president
olaf_scholz;personleadscity;city;city;hamburg
the_donald;personalsoknownas;male;person;donald_trump
the_donald;personalsoknownas;male;person;donald_trump
the_donald;personalsoknownas;comedian;person;donald_trump
barack;politicianusholdsoffice;politicianus;politicaloffice;lawyer
the_donald;personalsoknownas;personus;person;donald_trump
sigourney_weaver;actorstarredinmovie;movie;movie;aliens
jennifer_grey;actorstarredinmovie;movie;movie;dirty_dancing
jennifer_grey;actorstarredinmovie;personafrica;movie;dirty_dancing
john_travolta;actorstarredinmovie;actor;movie;saturday_night_fever
jesus_christ;hasfamilymember;person;person;mary
oliver_stone;directordirectedmovie;director;movie;wall_street
jk_rowling;agentcontributedtocreativework;book;book;harry_potter_and_the_chamber_of_secrets
college;organizationalsoknownas;organization;organization;college
reygadas;personhasjobposition;jobposition;jobposition;film_maker
elsie_allen;persondiedinstateorprovince;person;stateorprovince;california
advance_bank;haswikipediaurl;bank;http;//en.wikipedia.org/wiki/Advance%20Bank
blind_pig_records;haswikipediaurl;recordlabel;http;//en.wikipedia.org/wiki/Blind%20Pig%20Records
jk_rowling;agentcontributedtocreativework;book;book;harry_potter_and_the_chamber_of_secrets
belfast_zoo;zooincity;zoo;city;belfast
army_checkpoint;targetinbombing;everypromotedthing;bombingevent;three_killed_in_lebanese_suicide_bombing
major_tourist_attraction;touristattractionsuchastouristattraction;attraction;attraction;temple_of_the_reclining_buddha
cosley_zoo;haswikipediaurl;aquarium;http;//en.wikipedia.org/wiki/Cosley%20Zoo
acura;automakerproducesmodel;automobilemodel;automobilemodel;acura_mdx
montevideo;cityalsoknownas;city;city;rio
ronaldinho;athletehomestadium;athlete;stadiumoreventvenue;camp_nou
nintendo;companyproducesvideogamesystem;company;videogamesystem;game_cube
paul_newman;personhasjobposition;person;jobposition;film_star
chevrolet;automobilemakercardealersinstateorprovince;automobilemaker;stateorprovince;california
sega;companyproducesvideogamesystem;company;videogamesystem;mega_drive
sweet_peppers;agriculturalproductcookedwithagriculturalproduct;agriculturalproduct;vegetable;pepper
sweet_peppers;agriculturalproductcookedwithagriculturalproduct;agriculturalproduct;vegetable;pepper
brayden_mcnabb;haswikipediaurl;coach;http;//en.wikipedia.org/wiki/Brayden%20McNabb
battersea_park_zoo;zooincity;zoo;city;london
chevrolet;automakerproducesmodel;automobilemaker;automobilemodel;chevrolet_malibu
citi;companyeconomicsector;economicsector;economicsector;financial_services
barack_obama;commentatorofbombing;politicianus;bombingevent;boston_marathon_bombings
barack_obama;fatherofperson;politicianus;person;malia
giza_zoo;haswikipediaurl;zoo;http;//en.wikipedia.org/wiki/Giza%20Zoo
chevrolet;automobilemakerdealersincity;automobilemaker;city;seattle
danny_moder;personhasage;person;nonneginteger;38
moyer;personhasage;personnorthamerica;nonneginteger;46
marc;personleadscity;politician;city;neworleans
cultural_icons;celebritysuchascelebrity;celebrity;celebrity;oprah_winfrey
cultural_icons;celebritysuchascelebrity;celebrity;celebrity;oprah_winfrey
pulmonary_artery;arteryarisesfromartery;artery;artery;right_pulmonary_artery
arthur_ashe;athletewinsawardtrophytournament;athlete;awardtrophytournament;australian_open
virgin;motherofperson;female;person;angels
george_gershwin;musicianplaysinstrument;musician;musicinstrument;piano
nine_inch_nails;musicartistgenre;musicartist;musicgenre;rock
jim_haslett;coachwontrophy;coach;awardtrophytournament;super_bowl
blackberry;productinstanceof;item;roadaccidentevent;device
brake_failure;reasonofcollision;everypromotedthing;roadaccidentevent;bus_crashes_into_idaho_power_building_in_downtown_boise
brake_failure;reasonofcollision;protestevent;protestevent;bus_crashes_into_idaho_power_building_in_downtown_boise
crowd;actorofprotest;automobilemaker;city;kiev_protesters_attack_building_with_police_inside
kia;automobilemakerdealersincity;bank;country;spring
hsbc;bankbankincountry;person;person;cayman_islands
mother_mary;parentofperson;person;religion;jesus_christ
richard_goldstone;personhasreligion;drug;humanagent;jewish
baycol;drugworkedonbyagent;agent;bombingevent;bayer
israel;attackerinbombing;director;movie;israel_bombs_syria_army_targets_after_golan_attack
michael_apted;directordirectedmovie;person;year;amazing_grace
soon_yi_previn;marriedinyear;person;religion;n1997
john_kerry;personhasreligion;zoo;city;catholic
austin_zoo;zooincity;athlete;athlete;austin
basketball_players;athletessuchasathletes;drug;humanagent;bob_lemon
elidel;drugworkedonbyagent;person;nonneginteger;novartis
john_mccain;personhasage;officebuildingroom;building;72
room_1495;officebuildingroominbuilding;person;dateliteral;biomedical_science_tower
john_quincy_adams;personbirthdate;bank;bank;n1825
washington_mutual;bankboughtbank;athlete;athlete;providian
venus_williams;athletebeatathlete;person;city;jelena_jankovic
machiavelli;writerwasbornincity;clothing;clothing;florence
skirt;clothingtogowithclothing;criminal;country;top
lary_hoover;criminalarrestedincountry;person;ethnicgroup;united_states_of_america
hussein_kamel;personhasethnicity;city;country;iraqi
adelaide;citylocatedincountry;criminal;country;australia
al_capone;criminalarrestedincountry;museum;city;united_states_of_america
shanghai_museum;museumincity;clothing;plant;shanghai
chino;clothmadeofplant;sportsgame;sport;cotton
n1944_world_series;sportsgamesport;sportsleague;stadiumoreventvenue;baseball
nfl;leaguestadiums;city;geopoliticallocation;heinz_field
copenhagen;citylocatedingeopoliticallocation;sport;stadiumoreventvenue;denmark
baseball;sportusesstadium;mountain;stateorprovince;astrodome
mauna_loa;mountaininstate;musicinstrument;musicinstrument;hawaii
beethoven;musicianplaysinstrument;drug;physiologicalcondition;piano
metformin;drughassideeffect;university;university;side_effects
cmu;organizationacronymhasname;animal;animal;carnegie_mellon_university
mice;animalistypeofanimal;animal;insect;small_mammals
mites;animalthatfeedoninsect;athlete;sport;insects
steve_young;athleteplayssport;person;geopoliticallocation;football
ken_livingstone;personhasresidenceingeopoliticallocation;aquarium;http;london
albuquerque_aquarium;haswikipediaurl;visualizableobject;visualizablescene;//en.wikipedia.org/wiki/Albuquerque%20Aquarium
cow;objectfoundinscene;meetingeventtitle;dateliteral;pasture
brain_maps_to_mechanisms__neural_circuit_molecular_architecture;meetingeventtitleatdate;stadiumoreventvenue;stadiumoreventvenue;april_16__2013
nba;leaguestadiums;stadiumoreventvenue;stadiumoreventvenue;wachovia_center
basketball;sportusesstadium;zoo;city;wachovia_center
kansas_city_zoo;zooincity;coach;sportsleague;kansas
kerry_collins;athleteplaysinleague;book;writer;nfl
the_dark_tower;bookwriter;city;stateorprovince;stephen_king
bakersfield;citylocatedingeopoliticallocation;stateorprovince;stateorprovince;ca
bakersfield;citylocatedingeopoliticallocation;city;stateorprovince;ca
bakersfield;citylocatedinstate;stateorprovince;stateorprovince;california
fresno;citylocatedingeopoliticallocation;bacteria;disease;ca
e__coli;bacteriaisthecausativeagentofphysiologicalcondition;animal;vegetable;diseases
chicken;animaleatvegetable;automobilemaker;country;steamed_vegetables
bmw;automobilemakerdealersincountry;male;company;america
donald_trump;worksfor;animal;animal;trump_organization
orcas;animalpreyson;animal;animal;animals
mice;animalistypeofanimal;stateorprovince;stateorprovince;small_mammals
odessa;citylocatedingeopoliticallocation;religion;http;texas
advent_lutheran_church;haswikipediaurl;religion;religion;//en.wikipedia.org/wiki/Advent%20Lutheran%20Church%20(New%20York%20City)
christian_organizations;religionssuchasreligions;country;country;advent_lutheran_church
kia;hasofficeincountry;country;country;deutschland
kia;automobilemakerdealersincountry;person;nonneginteger;deutschland
amy_macdonald;personhasage;sportsgame;gamescore;21
championship;sportsgamescore;stateorprovince;city;08-Jun
karnataka;statehascapital;mammal;mammal;bangalore
tiger;animalistypeofanimal;sport;sport;animals
kurt_warner;athleteplayssport;musicartist;musicartist;football
paul_mccartney;musicianinmusicartist;fish;animal;beatles
swordfish;animalistypeofanimal;fish;fish;tunas
swordfish;animalistypeofanimal;movie;movie;billfish
bruce_willis;actorstarredinmovie;stateorprovince;geopoliticallocation;die_hard
states;statelocatedingeopoliticallocation;athlete;athlete;poor_countries
football_players;athletessuchasathletes;sportsteam;sport;drew_bledsoe
northwestern_university;teamplayssport;militaryconflict;http;football
overwatch;haswikipediaurl;crimeorcharge;crimeorcharge;//en.wikipedia.org/wiki/Overwatch
abu_zubaydah;personchargedwithcrime;male;person;conspiracy_to_carry_out_terror_attacks
laban;fatherofperson;geopoliticalorganization;http;jacob
rendang;haswikipediaurl;airport;city;//en.wikipedia.org/wiki/Rendang
dublin_airport;airportincity;agriculturalproduct;agriculturalproduct;dublin
plants;agriculturalproductincludingagriculturalproduct;director;movie;peas
stanley_kubrick;directordirectedmovie;animal;animal;the_shining
dogs;animalistypeofanimal;animal;food;children
duck;animaleatfood;chemical;chemical;pear
carbon;chemicalistypeofchemical;chemical;chemical;materials
sulfur;chemicalistypeofchemical;bombingevent;bombingevent;chemicals
ali_oleik;bombinghaswitness;bombingevent;bombingevent;beirut_bombing__thurs__blast_in_hezbollah_run_area_of_beirut_claimed_5_lives
five_people;victiminbombing;bombingevent;bombingevent;beirut_bombing__thurs__blast_in_hezbollah_run_area_of_beirut_claimed_5_lives
beirut;locationofbombing;arthropod;arthropod;beirut_bombing__thurs__blast_in_hezbollah_run_area_of_beirut_claimed_5_lives
crab;arthropodcalledarthropod;newspaper;city;seafood
the_guardian;newspaperincity;company;company;london
gm;companyalsoknownas;company;company;general_motors_corp
gm;companyalsoknownas;bank;ceo;general_motors_corp
ge;bankchiefexecutiveceo;bacteria;physiologicalcondition;jeffrey_immelt
listeria;bacteriaisthecausativeagentofphysiologicalcondition;planet;planet;food_poisoning
hp;acquired;furniture;location;mercury
beds;furniturefoundinroom;sport;stadiumoreventvenue;apartment
baseball;sportusesstadium;drug;physiologicalcondition;miller_park
fluvoxamine;drughassideeffect;company;product;side_effects
adobe;producesproduct;athlete;athlete;photoshop
venus_williams;athletebeatathlete;beverage;protein;maria_sharapova
juice;beveragecontainsprotein;vegetable;agriculturalproduct;ingredients
potatoes;agriculturalproductcookedwithagriculturalproduct;vegetable;agriculturalproduct;herbs
potatoes;agriculturalproductcookedwithagriculturalproduct;person;year;spices
woody_allen;marriedinyear;sportsleague;sportsleague;n1997
whl;organizationacronymhasname;bakedgood;beverage;western_hockey_league
breakfast;bakedgoodservedwithbeverage;invertebrate;beverage;tea
male_mosquitoes;invertebratefeedonfood;emotion;emotion;nectar
flowers;plantrepresentemotion;emotion;disease;open_heart
mild_depression;emotionassociatedwithdisease;invertebrate;mammal;symptoms
worms;animalistypeofanimal;invertebrate;crustacean;animals
worms;animalistypeofanimal;island;island;shrimp
reykjav_k;citylocatedincountry;island;island;iceland
reykjav_k;citycapitalofcountry;island;country;iceland
iceland;countryalsoknownas;sport;sportsteamposition;republic
nfl_football;sporthassportsteamposition;movie;movie;back
jake_kasdan;directordirectedmovie;sport;country;bad_teacher
australian_rules_football;sportschoolincountry;country;currency;australia
germany;countrycurrency;beverage;country;euros
tea;agriculturalproductcamefromcountry;beverage;country;australia
tea;agriculturalproductcamefromcountry;beverage;country;hong_kong
tea;agriculturalproductcamefromcountry;animal;insect;japan
rodents;animalsuchasinsect;stateorprovince;city;fleas
oregon;statehascapital;musician;musicartist;salem
rick_wright;musicianinmusicartist;musicartist;musicgenre;pink_floyd
rem;musicartistgenre;country;currency;rock
america;countrycurrency;arthropod;arthropod;dollars
bees;arthropodcalledarthropod;attraction;city;insects
royal_albert_hall;attractionofcity;fish;food;london
shark;fishservedwithfood;company;product;sauce
adobe;producesproduct;chemical;chemical;adobe_flash
emissions;chemicalistypeofchemical;musicgenre;musicgenre;fuel
power_pop;musicgenressuchasmusicgenres;sport;country;rock
scuba;sportschoolincountry;stateorprovince;geopoliticallocation;vanuatu
states;statelocatedingeopoliticallocation;country;geopoliticallocation;beijing
nepal;countrylocatedingeopoliticallocation;sportsteam;sportsleague;asia
houston_texans;teamplaysinleague;animal;animal;nfl
animals;animalpreyson;sportsleague;stadiumoreventvenue;children
nba;leaguestadiums;sportsteam;sportsleague;chesapeake_energy_arena
san_francisco_49ers;teamplaysinleague;chemical;chemical;nfl
oxide;chemicalistypeofchemical;agriculturalproduct;agriculturalproduct;gas
oil;agriculturalproductincludingagriculturalproduct;athlete;athlete;olive_oil
jimmie_johnson;athletebeatathlete;musicartist;musicgenre;carl_edwards
nirvana;musicartistgenre;agriculturalproduct;agriculturalproduct;rock
vegetables;agriculturalproductincludingagriculturalproduct;sportsgame;http;carrots
n1960_world_series;haswikipediaurl;academicfield;physicsterm;//en.wikipedia.org/wiki/1960%20World%20Series
physics;academicfieldconcernssubject;bakedgood;beverage;forces
mousse_cake;bakedgoodservedwithbeverage;sportsteam;city;chocolate
hofstra_university;teamplaysincity;park;city;new_york
brockwell_park;parkincity;country;country;london
slovak_republic;countryalsoknownas;director;movie;republic
guillermo;directordirectedmovie;city;city;hellboy
columbia;cityalsoknownas;animal;food;vancouver
chicken;animaleatfood;company;product;teriyaki_sauce
adobe;producesproduct;city;country;pdf_reader
lisboa;citycapitalofcountry;agriculturalproduct;landscapefeatures;portugal
animals;agriculturalproductgrowninlandscapefeatures;politician;location;dense_forests
president_jimmy_carter;politicianrepresentslocation;country;country;states
belize;countryalsoknownas;city;country;republic
kobe;citylocatedincountry;park;city;japan
notting_hill_gate;parkincity;weapon;weapon;london
matchlocks;weaponssuchasweapons;attraction;city;nuclear_missile
opryland_usa;attractionbefallincity;musician;musicinstrument;nashville
harris;musicianplaysinstrument;arthropod;arthropod;guitar
moths;arthropodcalledarthropod;company;company;pests
general_electric;companyalsoknownas;organization;stateorprovince;ge
jacksonville_jaguars;organizationheadquarteredinstateorprovince;city;stateorprovince;florida
fort_walton_beach;citylocatedinstate;shoppingmall;city;florida
oaks_mall;shoppingmallincity;city;geopoliticallocation;losangeles
edmonton;citylocatedingeopoliticallocation;item;room;province
tub___shower;itemfoundinroom;item;room;bath
oven;itemfoundinroom;musicartist;musicgenre;kitchen
rolling_stones;musicartistgenre;animal;vegetable;rock
seafood;animaleatvegetable;item;room;rice
bathtubs;itemfoundinroom;city;country;rooms
hanoi;citycapitalofcountry;person;male;vietnam
rita_wilson;hashusband;lake;stateorprovince;tom_hanks
lake_huron;lakeinstate;animal;animal;michigan
farm_animals;animalistypeofanimal;animal;fish;animals
freshwater_species;animalsuchasfish;university;organization;bass
cmu;organizationacronymhasname;airport;city;carnegie_mellon_university
charles_de_gaulle_international_airport;airportincity;museum;city;paris
american_museum;museumincity;animal;insect;new_york
shellfish;animalsuchasinsect;language;university;crabs